ID_Atendente,Nome,Idade,Email,Telefone
1,Andrea Parks,30,fhammond@yahoo.com,(854)128-3938x430
2,Thomas Meyers,51,rnelson@ferguson.com,399-264-9243x5741
3,Nicole Wilson,53,pschwartz@hicks.net,+1-023-051-7629x76733
4,Megan Marshall,56,melanie20@meyers-hudson.biz,001-004-133-5648x482
5,Gary Stewart,32,jenniferlee@berry.com,+1-235-062-7602x5125
6,Peggy Bell,43,wsmith@garrett.com,872.198.4341x9040
7,Jenny Ellis,39,herrerakathy@lopez.com,961-927-3216x38087
8,Lauren Miller,56,ricethomas@roberts.biz,680-305-8671x744
9,Patricia Cox,30,yvette57@gmail.com,908-581-0854x61546
10,Annette Allison MD,47,wmiller@gonzalez.com,(964)955-2686x733
11,John Beck,46,emma00@hotmail.com,(146)663-3723
12,Keith Carlson,55,mcohen@sparks.net,8044220377
13,Robert Middleton,33,alvaradocynthia@gmail.com,+1-418-020-3713x5663
14,Joseph Hall,44,thorntonjennifer@gmail.com,3769209105
15,Jason Bell,49,vjoseph@hotmail.com,522.059.8725
16,Ana Williams,53,elopez@smith-bell.com,559.337.8427
17,Perry Lewis,51,juliewerner@hendrix.com,389.227.0807
18,Yvonne Summers,39,yrobinson@hotmail.com,694-144-0217x43716
19,Michael Smith,20,jordanphillips@gmail.com,001-728-809-0375x418
20,Ashley Taylor,28,cookmichael@hotmail.com,(112)076-9730x51875
21,Robert Miller,32,christiecruz@yahoo.com,478.555.1161x5991
22,Christopher Lloyd,35,joseph36@hotmail.com,467.805.7755x4017
23,Holly Thornton,25,mary11@burke.com,080.834.9659x5826
24,Sarah Wallace,45,amanda51@gmail.com,860-903-5350x51114
25,Katherine West,33,joshuathomas@yahoo.com,980.668.1463x525
26,Jeremiah Anderson,41,adamscory@yahoo.com,916.964.3333x858
27,Deborah Griffin,40,brownreginald@yahoo.com,770.583.2916x0349
28,Angela Willis,48,jruiz@hotmail.com,2543355890
29,Bradley Randall,45,ashleycharles@yahoo.com,261.001.4872
30,Seth Franklin,32,heatherbean@wells.biz,001-844-848-8835
31,Mary Robertson,43,hyoung@hotmail.com,(610)024-7898x80524
32,Stephanie Williams,38,bethany61@hotmail.com,(004)052-7636
33,Allison Smith,34,oelliott@yahoo.com,001-210-168-1342
34,Courtney Blair,49,daniel75@schultz-wong.biz,048.578.9522x938
35,Michael Miller,25,ybridges@gordon-wilson.net,(816)831-3202
36,James Lawson,38,qgilbert@gmail.com,518-409-4702x013
37,Jacob Wright,25,dawn17@gregory.com,001-421-076-2177x65437
38,Joyce Nelson,21,tinarodriguez@torres.com,+1-178-796-0737x198
39,Jason Guerrero,48,tadams@yahoo.com,+1-398-853-1618x749
40,David Evans,50,kellirivera@willis.com,+1-461-334-2823x8174
41,Kathryn Matthews,42,mike45@gmail.com,+1-733-682-7334x205
42,Mckenzie Moore MD,24,lmoore@yahoo.com,001-081-477-4065x6089
43,Andrew Beard,40,steven58@sanchez.com,(905)096-9656x043
44,Tiffany Peterson,53,amberbaldwin@gmail.com,001-904-042-0068x1664
45,Jeffrey Vega,35,timothygarrett@gmail.com,(595)765-6918x0823
46,Anne Stewart,21,theodore78@yahoo.com,402.026.4676x43626
47,Lisa Ramirez,44,hesschristopher@smith-west.com,738.980.6324x65255
48,Diana Crosby,29,grantspencer@gmail.com,(719)938-0239x6503
49,Mercedes Butler,60,lindseyrose@miller-baker.net,982-201-8438x245
50,Jason Chandler,34,melvin06@hotmail.com,164-907-5527x76996
