id,nome,email
1,Cliente 1,cliente1@exemplo.com
2,Cliente 2,cliente2@exemplo.com
3,Cliente 3,cliente3@exemplo.com
4,Cliente 4,cliente4@exemplo.com
5,Cliente 5,cliente5@exemplo.com
6,Cliente 6,cliente6@exemplo.com
7,Cliente 7,cliente7@exemplo.com
8,Cliente 8,cliente8@exemplo.com
9,Cliente 9,cliente9@exemplo.com
10,Cliente 10,cliente10@exemplo.com
11,Cliente 11,cliente11@exemplo.com
12,Cliente 12,cliente12@exemplo.com
13,Cliente 13,cliente13@exemplo.com
14,Cliente 14,cliente14@exemplo.com
15,Cliente 15,cliente15@exemplo.com
16,Cliente 16,cliente16@exemplo.com
17,Cliente 17,cliente17@exemplo.com
18,Cliente 18,cliente18@exemplo.com
19,Cliente 19,cliente19@exemplo.com
20,Cliente 20,cliente20@exemplo.com
21,Cliente 21,cliente21@exemplo.com
22,Cliente 22,cliente22@exemplo.com
23,Cliente 23,cliente23@exemplo.com
24,Cliente 24,cliente24@exemplo.com
25,Cliente 25,cliente25@exemplo.com
26,Cliente 26,cliente26@exemplo.com
27,Cliente 27,cliente27@exemplo.com
28,Cliente 28,cliente28@exemplo.com
29,Cliente 29,cliente29@exemplo.com
30,Cliente 30,cliente30@exemplo.com
31,Cliente 31,cliente31@exemplo.com
32,Cliente 32,cliente32@exemplo.com
33,Cliente 33,cliente33@exemplo.com
34,Cliente 34,cliente34@exemplo.com
35,Cliente 35,cliente35@exemplo.com
36,Cliente 36,cliente36@exemplo.com
37,Cliente 37,cliente37@exemplo.com
38,Cliente 38,cliente38@exemplo.com
39,Cliente 39,cliente39@exemplo.com
40,Cliente 40,cliente40@exemplo.com
41,Cliente 41,cliente41@exemplo.com
42,Cliente 42,cliente42@exemplo.com
43,Cliente 43,cliente43@exemplo.com
44,Cliente 44,cliente44@exemplo.com
45,Cliente 45,cliente45@exemplo.com
46,Cliente 46,cliente46@exemplo.com
47,Cliente 47,cliente47@exemplo.com
48,Cliente 48,cliente48@exemplo.com
49,Cliente 49,cliente49@exemplo.com
50,Cliente 50,cliente50@exemplo.com
51,Cliente 51,cliente51@exemplo.com
52,Cliente 52,cliente52@exemplo.com
53,Cliente 53,cliente53@exemplo.com
54,Cliente 54,cliente54@exemplo.com
55,Cliente 55,cliente55@exemplo.com
56,Cliente 56,cliente56@exemplo.com
57,Cliente 57,cliente57@exemplo.com
58,Cliente 58,cliente58@exemplo.com
59,Cliente 59,cliente59@exemplo.com
60,Cliente 60,cliente60@exemplo.com
61,Cliente 61,cliente61@exemplo.com
62,Cliente 62,cliente62@exemplo.com
63,Cliente 63,cliente63@exemplo.com
64,Cliente 64,cliente64@exemplo.com
65,Cliente 65,cliente65@exemplo.com
66,Cliente 66,cliente66@exemplo.com
67,Cliente 67,cliente67@exemplo.com
68,Cliente 68,cliente68@exemplo.com
69,Cliente 69,cliente69@exemplo.com
70,Cliente 70,cliente70@exemplo.com
71,Cliente 71,cliente71@exemplo.com
72,Cliente 72,cliente72@exemplo.com
73,Cliente 73,cliente73@exemplo.com
74,Cliente 74,cliente74@exemplo.com
75,Cliente 75,cliente75@exemplo.com
76,Cliente 76,cliente76@exemplo.com
77,Cliente 77,cliente77@exemplo.com
78,Cliente 78,cliente78@exemplo.com
79,Cliente 79,cliente79@exemplo.com
80,Cliente 80,cliente80@exemplo.com
81,Cliente 81,cliente81@exemplo.com
82,Cliente 82,cliente82@exemplo.com
83,Cliente 83,cliente83@exemplo.com
84,Cliente 84,cliente84@exemplo.com
85,Cliente 85,cliente85@exemplo.com
86,Cliente 86,cliente86@exemplo.com
87,Cliente 87,cliente87@exemplo.com
88,Cliente 88,cliente88@exemplo.com
89,Cliente 89,cliente89@exemplo.com
90,Cliente 90,cliente90@exemplo.com
91,Cliente 91,cliente91@exemplo.com
92,Cliente 92,cliente92@exemplo.com
93,Cliente 93,cliente93@exemplo.com
94,Cliente 94,cliente94@exemplo.com
95,Cliente 95,cliente95@exemplo.com
96,Cliente 96,cliente96@exemplo.com
97,Cliente 97,cliente97@exemplo.com
98,Cliente 98,cliente98@exemplo.com
99,Cliente 99,cliente99@exemplo.com
100,Cliente 100,cliente100@exemplo.com
